variable,Correlación
valence,0.02658905409333947
year,0.1803453667249885
acousticness,0.01784169155294879
danceability,0.10267409412689842
duration_ms,-0.10628878274429548
energy,-0.040595435752575404
explicit,0.04315726341039133
instrumentalness,-0.06240133951060412
key,-0.002201759986456983
liveness,-0.02566121954322792
loudness,0.04850468381891295
mode,-0.04113721972599965
popularity,1
speechiness,0.051501997918613866
tempo,0.010133458986788683
numero_de_artistas,0.05064264121593492
